filename,emotion
1759.wav,Happy
1821.wav,Sad
861.wav,Happy
926.wav,Happy
2206.wav,Sad
2118.wav,Neutral
1515.wav,Neutral
142.wav,Happy
320.wav,Fearful
1694.wav,Neutral
1147.wav,Neutral
1059.wav,Suprised
2154.wav,Angry
406.wav,Angry
1363.wav,Happy
336.wav,Angry
1104.wav,Neutral
2228.wav,Happy
1361.wav,Fearful
1095.wav,Neutral
1387.wav,Sad
2270.wav,Neutral
1722.wav,Neutral
373.wav,Angry
1728.wav,Neutral
466.wav,Sad
2545.wav,Sad
2045.wav,Neutral
1239.wav,Neutral
872.wav,Happy
923.wav,Happy
2071.wav,Neutral
658.wav,Sad
2487.wav,Neutral
2006.wav,Neutral
314.wav,Fearful
120.wav,Neutral
1876.wav,Happy
886.wav,Disgusted
327.wav,Angry
1196.wav,Neutral
883.wav,Happy
1835.wav,Sad
752.wav,Neutral
2322.wav,Neutral
2310.wav,Test
1542.wav,Neutral
745.wav,Happy
798.wav,Neutral
2309.wav,Happy
852.wav,Disgusted
1150.wav,Neutral
2417.wav,Angry
1916.wav,Sad
1632.wav,Neutral
1994.wav,Neutral
986.wav,Fearful
2382.wav,Happy
1511.wav,Sad
92.wav,Sad
47.wav,Angry
1794.wav,Neutral
1039.wav,Disgusted
443.wav,Suprised
2504.wav,Neutral
1494.wav,Happy
1279.wav,Angry
170.wav,Neutral
704.wav,Disgusted
718.wav,Angry
2029.wav,Disgusted
2108.wav,Suprised
432.wav,Suprised
748.wav,Neutral
2121.wav,Suprised
913.wav,Sad
1265.wav,Neutral
332.wav,Angry
1460.wav,Sad
1771.wav,Angry
2332.wav,Disgusted
1199.wav,Neutral
1906.wav,Sad
50.wav,Disgusted
2523.wav,Neutral
1308.wav,Test
1092.wav,Neutral
1.wav,Disgusted
1442.wav,Angry
2537.wav,Angry
1630.wav,Sad
447.wav,Sad
1433.wav,Disgusted
1339.wav,Neutral
2351.wav,Neutral
1042.wav,Angry
1023.wav,Fearful
1348.wav,Sad
945.wav,Angry
1737.wav,Disgusted
1873.wav,Neutral
67.wav,Fearful
1402.wav,Angry
802.wav,Happy
845.wav,Neutral
544.wav,Happy
2260.wav,Happy
942.wav,Neutral
563.wav,Happy
1209.wav,Neutral
103.wav,Sad
1567.wav,Sad
2250.wav,Sad
1127.wav,Fearful
2235.wav,Angry
1245.wav,Neutral
2349.wav,Angry
2267.wav,Neutral
281.wav,Neutral
1861.wav,Suprised
78.wav,Neutral
260.wav,Sad
6.wav,Neutral
1974.wav,Angry
1765.wav,Neutral
169.wav,Neutral
1450.wav,Neutral
1296.wav,Sad
386.wav,Neutral
1036.wav,Angry
1044.wav,Fearful
2019.wav,Angry
1472.wav,Disgusted
753.wav,Neutral
2183.wav,Neutral
2317.wav,Angry
1864.wav,Fearful
1718.wav,Fearful
2340.wav,Disgusted
86.wav,Angry
2137.wav,Neutral
300.wav,Fearful
317.wav,Angry
836.wav,Neutral
1979.wav,Neutral
1236.wav,Disgusted
805.wav,Neutral
2432.wav,Neutral
2435.wav,Angry
646.wav,Fearful
822.wav,Neutral
680.wav,Neutral
595.wav,Neutral
1799.wav,Sad
697.wav,Neutral
2109.wav,Disgusted
2399.wav,Neutral
345.wav,Neutral
1251.wav,Disgusted
1358.wav,Angry
2190.wav,Sad
1941.wav,Angry
575.wav,Angry
1997.wav,Neutral
1748.wav,Sad
495.wav,Neutral
1637.wav,Neutral
4.wav,Happy
2330.wav,Angry
330.wav,Disgusted
2144.wav,Sad
1953.wav,Angry
768.wav,Fearful
2239.wav,Sad
1536.wav,Neutral
488.wav,Neutral
308.wav,Neutral
218.wav,Suprised
516.wav,Fearful
1064.wav,Neutral
920.wav,Neutral
7.wav,Neutral
1595.wav,Angry
567.wav,Happy
996.wav,Neutral
568.wav,Neutral
333.wav,Happy
2413.wav,Fearful
380.wav,Angry
1373.wav,Suprised
96.wav,Neutral
1003.wav,Angry
1097.wav,Disgusted
1011.wav,Disgusted
1712.wav,Sad
1574.wav,Neutral
618.wav,Angry
968.wav,Test
711.wav,Neutral
1808.wav,Sad
1807.wav,Angry
955.wav,Fearful
873.wav,Neutral
1858.wav,Sad
1520.wav,Angry
1674.wav,Suprised
1601.wav,Disgusted
2265.wav,Happy
2280.wav,Test
396.wav,Suprised
2023.wav,Happy
1634.wav,Sad
533.wav,Neutral
1353.wav,Neutral
1669.wav,Suprised
750.wav,Angry
1525.wav,Sad
2101.wav,Fearful
68.wav,Happy
2271.wav,Neutral
1978.wav,Neutral
1411.wav,Disgusted
405.wav,Neutral
1377.wav,Suprised
501.wav,Fearful
414.wav,Angry
1229.wav,Suprised
591.wav,Angry
1966.wav,Sad
265.wav,Angry
899.wav,Suprised
2216.wav,Sad
66.wav,Suprised
1320.wav,Angry
547.wav,Neutral
2028.wav,Angry
1754.wav,Disgusted
1603.wav,Disgusted
2104.wav,Disgusted
1854.wav,Angry
1551.wav,Disgusted
138.wav,Happy
254.wav,Sad
2174.wav,Suprised
1615.wav,Angry
1232.wav,Angry
1165.wav,Happy
632.wav,Neutral
1734.wav,Test
977.wav,Neutral
269.wav,Fearful
603.wav,Neutral
1702.wav,Happy
825.wav,Happy
1776.wav,Sad
1046.wav,Angry
1899.wav,Sad
486.wav,Neutral
809.wav,Happy
967.wav,Disgusted
2465.wav,Happy
2189.wav,Sad
1514.wav,Sad
2485.wav,Sad
32.wav,Suprised
1397.wav,Neutral
2151.wav,Neutral
2412.wav,Sad
2139.wav,Suprised
1124.wav,Sad
885.wav,Fearful
175.wav,Suprised
2164.wav,Suprised
674.wav,Happy
401.wav,Neutral
631.wav,Fearful
2429.wav,Neutral
1683.wav,Angry
1273.wav,Neutral
1287.wav,Fearful
523.wav,Neutral
63.wav,Neutral
21.wav,Neutral
2016.wav,Disgusted
500.wav,Disgusted
1505.wav,Neutral
1998.wav,Fearful
2441.wav,Angry
38.wav,Sad
507.wav,Fearful
1485.wav,Neutral
2379.wav,Angry
467.wav,Neutral
1896.wav,Angry
648.wav,Sad
2497.wav,Fearful
1038.wav,Disgusted
744.wav,Fearful
2213.wav,Happy
1157.wav,Disgusted
687.wav,Fearful
262.wav,Disgusted
2067.wav,Fearful
1338.wav,Fearful
482.wav,Neutral
614.wav,Neutral
2049.wav,Angry
719.wav,Happy
2243.wav,Neutral
276.wav,Sad
2042.wav,Test
2289.wav,Angry
130.wav,Neutral
1197.wav,Fearful
675.wav,Happy
1620.wav,Disgusted
101.wav,Sad
2447.wav,Neutral
1399.wav,Fearful
223.wav,Suprised
1825.wav,Fearful
1205.wav,Angry
1561.wav,Happy
2475.wav,Neutral
2298.wav,Fearful
1416.wav,Fearful
1532.wav,Neutral
2098.wav,Suprised
1193.wav,Happy
678.wav,Sad
1032.wav,Sad
358.wav,Sad
331.wav,Sad
1315.wav,Happy
1777.wav,Angry
1823.wav,Angry
2383.wav,Happy
1262.wav,Sad
382.wav,Fearful
285.wav,Angry
334.wav,Angry
894.wav,Angry
2088.wav,Happy
696.wav,Happy
1398.wav,Sad
1103.wav,Angry
1605.wav,Neutral
107.wav,Angry
392.wav,Sad
468.wav,Neutral
1234.wav,Neutral
1727.wav,Happy
2519.wav,Neutral
1578.wav,Neutral
1587.wav,Happy
985.wav,Disgusted
1276.wav,Angry
2543.wav,Sad
2283.wav,Neutral
1089.wav,Happy
297.wav,Angry
738.wav,Sad
1233.wav,Suprised
1466.wav,Sad
1171.wav,Neutral
1922.wav,Suprised
933.wav,Disgusted
272.wav,Disgusted
855.wav,Disgusted
969.wav,Happy
104.wav,Happy
1129.wav,Disgusted
366.wav,Happy
1530.wav,Happy
221.wav,Suprised
1543.wav,Suprised
1343.wav,Happy
689.wav,Neutral
1774.wav,Fearful
2242.wav,Sad
399.wav,Happy
37.wav,Neutral
974.wav,Neutral
1357.wav,Disgusted
810.wav,Suprised
2035.wav,Fearful
1528.wav,Happy
2333.wav,Angry
310.wav,Neutral
2420.wav,Neutral
877.wav,Fearful
780.wav,Angry
1424.wav,Disgusted
662.wav,Angry
496.wav,Neutral
1463.wav,Sad
1188.wav,Happy
903.wav,Sad
580.wav,Suprised
1307.wav,Disgusted
2489.wav,Neutral
1309.wav,Neutral
841.wav,Disgusted
1294.wav,Angry
203.wav,Suprised
1931.wav,Happy
1491.wav,Angry
124.wav,Neutral
1866.wav,Disgusted
2111.wav,Neutral
1672.wav,Sad
1288.wav,Angry
1513.wav,Angry
919.wav,Happy
661.wav,Fearful
2230.wav,Angry
587.wav,Sad
2233.wav,Happy
252.wav,Neutral
216.wav,Angry
1396.wav,Angry
1992.wav,Disgusted
1917.wav,Sad
1971.wav,Suprised
420.wav,Angry
323.wav,Neutral
2343.wav,Neutral
316.wav,Neutral
796.wav,Happy
1145.wav,Fearful
1122.wav,Fearful
1655.wav,Sad
1832.wav,Disgusted
303.wav,Angry
199.wav,Sad
2033.wav,Happy
1960.wav,Neutral
2167.wav,Happy
2100.wav,Neutral
1785.wav,Neutral
1146.wav,Angry
1857.wav,Neutral
2476.wav,Happy
1987.wav,Neutral
1812.wav,Neutral
2011.wav,Happy
1815.wav,Angry
1781.wav,Happy
1334.wav,Happy
391.wav,Fearful
853.wav,Test
2424.wav,Fearful
163.wav,Happy
2007.wav,Neutral
1014.wav,Sad
2500.wav,Neutral
2456.wav,Sad
1094.wav,Happy
1231.wav,Sad
1154.wav,Suprised
1452.wav,Sad
139.wav,Happy
346.wav,Disgusted
1834.wav,Neutral
1751.wav,Neutral
2102.wav,Neutral
1984.wav,Suprised
2546.wav,Neutral
69.wav,Test
564.wav,Happy
1568.wav,Neutral
31.wav,Sad
1370.wav,Sad
1938.wav,Happy
190.wav,Sad
2538.wav,Neutral
840.wav,Neutral
1789.wav,Neutral
455.wav,Sad
818.wav,Angry
2531.wav,Sad
129.wav,Suprised
553.wav,Fearful
1937.wav,Happy
1533.wav,Angry
918.wav,Sad
1252.wav,Disgusted
1461.wav,Disgusted
905.wav,Fearful
348.wav,Neutral
1189.wav,Sad
817.wav,Angry
2096.wav,Neutral
419.wav,Disgusted
1260.wav,Disgusted
379.wav,Neutral
2484.wav,Sad
27.wav,Suprised
287.wav,Fearful
573.wav,Happy
515.wav,Neutral
2148.wav,Neutral
934.wav,Neutral
2038.wav,Neutral
140.wav,Neutral
159.wav,Happy
23.wav,Disgusted
210.wav,Happy
2194.wav,Fearful
478.wav,Fearful
599.wav,Happy
921.wav,Neutral
377.wav,Neutral
1555.wav,Disgusted
1801.wav,Angry
1012.wav,Happy
1742.wav,Happy
511.wav,Angry
1356.wav,Neutral
1768.wav,Happy
2178.wav,Neutral
1907.wav,Neutral
2089.wav,Neutral
803.wav,Neutral
29.wav,Suprised
2404.wav,Angry
1299.wav,Fearful
409.wav,Neutral
1585.wav,Neutral
2481.wav,Neutral
2149.wav,Neutral
2022.wav,Disgusted
880.wav,Angry
1151.wav,Happy
527.wav,Neutral
2393.wav,Neutral
2070.wav,Neutral
1417.wav,Happy
2557.wav,Sad
1430.wav,Neutral
2315.wav,Angry
240.wav,Neutral
230.wav,Neutral
1223.wav,Neutral
2342.wav,Sad
404.wav,Disgusted
1173.wav,Neutral
1489.wav,Happy
250.wav,Angry
16.wav,Angry
24.wav,Angry
2281.wav,Sad
1909.wav,Fearful
2123.wav,Happy
1582.wav,Neutral
2051.wav,Fearful
1874.wav,Happy
1819.wav,Happy
639.wav,Disgusted
1692.wav,Neutral
376.wav,Disgusted
935.wav,Angry
1374.wav,Angry
137.wav,Suprised
2479.wav,Neutral
741.wav,Neutral
1005.wav,Sad
1554.wav,Sad
954.wav,Angry
549.wav,Disgusted
2334.wav,Disgusted
1852.wav,Fearful
378.wav,Fearful
1552.wav,Angry
246.wav,Happy
1021.wav,Neutral
1468.wav,Neutral
778.wav,Neutral
869.wav,Neutral
1663.wav,Sad
2120.wav,Happy
2274.wav,Sad
412.wav,Disgusted
860.wav,Suprised
1143.wav,Happy
243.wav,Happy
1088.wav,Sad
10.wav,Sad
1099.wav,Neutral
454.wav,Neutral
1243.wav,Sad
2173.wav,Angry
2031.wav,Disgusted
994.wav,Sad
758.wav,Disgusted
737.wav,Happy
971.wav,Happy
33.wav,Happy
961.wav,Angry
2468.wav,Angry
1879.wav,Happy
201.wav,Disgusted
726.wav,Sad
1833.wav,Fearful
1668.wav,Angry
508.wav,Disgusted
1963.wav,Fearful
1814.wav,Happy
1598.wav,Neutral
2323.wav,Angry
653.wav,Neutral
289.wav,Suprised
2107.wav,Happy
1670.wav,Angry
1685.wav,Neutral
2129.wav,Disgusted
1486.wav,Fearful
1912.wav,Angry
1691.wav,Sad
1760.wav,Disgusted
551.wav,Sad
60.wav,Happy
1267.wav,Neutral
570.wav,Disgusted
2003.wav,Neutral
473.wav,Happy
910.wav,Sad
1293.wav,Angry
2062.wav,Sad
881.wav,Neutral
2290.wav,Neutral
2284.wav,Sad
1609.wav,Neutral
213.wav,Neutral
132.wav,Happy
1673.wav,Neutral
641.wav,Neutral
1291.wav,Neutral
617.wav,Happy
363.wav,Happy
995.wav,Angry
2524.wav,Fearful
2193.wav,Angry
1019.wav,Angry
677.wav,Happy
1660.wav,Neutral
1368.wav,Disgusted
1321.wav,Happy
1676.wav,Neutral
2156.wav,Disgusted
1081.wav,Neutral
1096.wav,Neutral
1190.wav,Neutral
74.wav,Sad
965.wav,Disgusted
939.wav,Sad
2115.wav,Suprised
2470.wav,Neutral
1721.wav,Neutral
299.wav,Neutral
972.wav,Neutral
604.wav,Angry
1139.wav,Happy
574.wav,Sad
2407.wav,Neutral
634.wav,Fearful
679.wav,Happy
1453.wav,Fearful
2335.wav,Sad
761.wav,Neutral
1498.wav,Suprised
2443.wav,Happy
2030.wav,Neutral
1360.wav,Happy
2369.wav,Disgusted
1018.wav,Test
1282.wav,Fearful
928.wav,Happy
960.wav,Disgusted
2025.wav,Happy
1093.wav,Sad
2526.wav,Sad
2203.wav,Angry
699.wav,Disgusted
1125.wav,Neutral
144.wav,Happy
153.wav,Neutral
622.wav,Fearful
328.wav,Happy
520.wav,Disgusted
1200.wav,Disgusted
2158.wav,Fearful
742.wav,Suprised
586.wav,Happy
298.wav,Happy
1766.wav,Happy
579.wav,Fearful
1932.wav,Neutral
1510.wav,Happy
740.wav,Neutral
2249.wav,Angry
755.wav,Neutral
450.wav,Happy
1946.wav,Test
264.wav,Angry
220.wav,Fearful
2075.wav,Neutral
1617.wav,Fearful
1956.wav,Disgusted
2066.wav,Fearful
2247.wav,Angry
1123.wav,Suprised
1924.wav,Sad
1846.wav,Angry
541.wav,Fearful
1271.wav,Happy
628.wav,Angry
2059.wav,Angry
182.wav,Sad
184.wav,Angry
1408.wav,Angry
143.wav,Happy
2395.wav,Neutral
444.wav,Fearful
664.wav,Fearful
2039.wav,Neutral
1050.wav,Sad
1176.wav,Fearful
1091.wav,Happy
1040.wav,Happy
630.wav,Happy
1016.wav,Disgusted
1421.wav,Neutral
1180.wav,Happy
1805.wav,Sad
2001.wav,Sad
1684.wav,Neutral
173.wav,Sad
329.wav,Happy
1621.wav,Happy
1604.wav,Fearful
571.wav,Sad
99.wav,Neutral
1837.wav,Fearful
1492.wav,Disgusted
1575.wav,Angry
458.wav,Neutral
1292.wav,Neutral
2518.wav,Disgusted
922.wav,Sad
497.wav,Neutral
2396.wav,Angry
434.wav,Disgusted
479.wav,Fearful
368.wav,Neutral
982.wav,Neutral
610.wav,Happy
2350.wav,Sad
1142.wav,Neutral
1327.wav,Neutral
1885.wav,Angry
2542.wav,Neutral
1235.wav,Angry
26.wav,Neutral
257.wav,Happy
1379.wav,Neutral
1073.wav,Fearful
51.wav,Disgusted
160.wav,Neutral
1439.wav,Disgusted
146.wav,Happy
2226.wav,Fearful
1725.wav,Disgusted
2127.wav,Sad
1194.wav,Sad
2539.wav,Fearful
1519.wav,Neutral
1138.wav,Happy
2122.wav,Suprised
1556.wav,Neutral
1156.wav,Neutral
2134.wav,Happy
2124.wav,Neutral
907.wav,Sad
2425.wav,Sad
2421.wav,Happy
1222.wav,Angry
1407.wav,Disgusted
1624.wav,Neutral
1167.wav,Angry
64.wav,Fearful
1289.wav,Sad
578.wav,Neutral
2032.wav,Suprised
525.wav,Neutral
1112.wav,Neutral
1752.wav,Disgusted
449.wav,Sad
1645.wav,Angry
2146.wav,Fearful
131.wav,Suprised
651.wav,Neutral
788.wav,Neutral
2018.wav,Fearful
1488.wav,Fearful
990.wav,Neutral
424.wav,Sad
531.wav,Sad
1633.wav,Fearful
2255.wav,Disgusted
1270.wav,Angry
542.wav,Neutral
823.wav,Fearful
1228.wav,Fearful
2278.wav,Happy
30.wav,Neutral
2360.wav,Happy
2254.wav,Sad
1069.wav,Disgusted
1098.wav,Disgusted
147.wav,Fearful
167.wav,Disgusted
1035.wav,Sad
1733.wav,Disgusted
485.wav,Disgusted
1045.wav,Disgusted
46.wav,Suprised
1484.wav,Neutral
2438.wav,Fearful
2211.wav,Happy
2140.wav,Neutral
1813.wav,Disgusted
1923.wav,Happy
1493.wav,Neutral
1206.wav,Neutral
315.wav,Fearful
1839.wav,Angry
1182.wav,Suprised
2402.wav,Happy
55.wav,Neutral
1871.wav,Suprised
2273.wav,Disgusted
267.wav,Fearful
2306.wav,Neutral
2198.wav,Happy
1375.wav,Neutral
2020.wav,Angry
2220.wav,Neutral
2166.wav,Disgusted
569.wav,Sad
2245.wav,Disgusted
1508.wav,Disgusted
1225.wav,Neutral
2197.wav,Neutral
844.wav,Disgusted
2554.wav,Fearful
762.wav,Neutral
2136.wav,Fearful
1679.wav,Neutral
774.wav,Sad
2269.wav,Fearful
22.wav,Suprised
645.wav,Neutral
1428.wav,Angry
1390.wav,Suprised
2517.wav,Sad
1661.wav,Happy
1919.wav,Angry
361.wav,Sad
1080.wav,Angry
1580.wav,Disgusted
1989.wav,Happy
1608.wav,Neutral
85.wav,Neutral
936.wav,Disgusted
2386.wav,Neutral
673.wav,Disgusted
2533.wav,Sad
596.wav,Sad
1204.wav,Neutral
2548.wav,Neutral
647.wav,Happy
81.wav,Neutral
187.wav,Suprised
1651.wav,Angry
1824.wav,Neutral
375.wav,Happy
1951.wav,Fearful
2331.wav,Disgusted
1597.wav,Neutral
1757.wav,Test
1367.wav,Angry
1024.wav,Suprised
528.wav,Angry
367.wav,Sad
2232.wav,Fearful
1763.wav,Neutral
1483.wav,Disgusted
2324.wav,Sad
436.wav,Happy
623.wav,Happy
1297.wav,Sad
2225.wav,Fearful
1162.wav,Happy
833.wav,Fearful
988.wav,Neutral
1816.wav,Happy
1378.wav,Disgusted
1802.wav,Angry
577.wav,Disgusted
1881.wav,Disgusted
426.wav,Angry
402.wav,Neutral
1078.wav,Disgusted
767.wav,Neutral
1596.wav,Disgusted
1788.wav,Fearful
2312.wav,Fearful
2368.wav,Happy
2426.wav,Neutral
906.wav,Sad
1698.wav,Neutral
1599.wav,Angry
2159.wav,Disgusted
701.wav,Disgusted
1254.wav,Neutral
273.wav,Neutral
1476.wav,Fearful
2446.wav,Disgusted
978.wav,Neutral
1079.wav,Happy
2008.wav,Neutral
1504.wav,Sad
730.wav,Sad
1341.wav,Fearful
1068.wav,Happy
1140.wav,Happy
389.wav,Sad
2288.wav,Suprised
2445.wav,Happy
2439.wav,Neutral
724.wav,Fearful
1855.wav,Happy
1383.wav,Disgusted
843.wav,Angry
1132.wav,Happy
2223.wav,Fearful
1560.wav,Fearful
784.wav,Fearful
417.wav,Angry
521.wav,Neutral
690.wav,Disgusted
1345.wav,Fearful
1845.wav,Sad
1880.wav,Sad
1970.wav,Neutral
693.wav,Suprised
2112.wav,Suprised
356.wav,Angry
2336.wav,Sad
714.wav,Sad
669.wav,Sad
1652.wav,Sad
2145.wav,Fearful
635.wav,Disgusted
1682.wav,Sad
1908.wav,Suprised
1867.wav,Neutral
835.wav,Happy
2431.wav,Neutral
383.wav,Suprised
340.wav,Neutral
2181.wav,Neutral
2403.wav,Fearful
40.wav,Happy
2430.wav,Neutral
992.wav,Disgusted
1238.wav,Suprised
1959.wav,Neutral
65.wav,Angry
178.wav,Fearful
1423.wav,Angry
1303.wav,Test
2464.wav,Angry
1903.wav,Suprised
111.wav,Happy
1410.wav,Neutral
462.wav,Neutral
1443.wav,Happy
2292.wav,Suprised
902.wav,Disgusted
656.wav,Fearful
191.wav,Happy
916.wav,Neutral
2339.wav,Disgusted
1255.wav,Neutral
1892.wav,Fearful
2177.wav,Disgusted
1500.wav,Neutral
318.wav,Fearful
2227.wav,Sad
959.wav,Suprised
716.wav,Neutral
2454.wav,Sad
781.wav,Neutral
255.wav,Happy
1340.wav,Neutral
2390.wav,Suprised
2408.wav,Sad
2205.wav,Test
477.wav,Neutral
721.wav,Happy
554.wav,Suprised
829.wav,Neutral
2551.wav,Sad
1401.wav,Neutral
1724.wav,Disgusted
1565.wav,Disgusted
1283.wav,Angry
2024.wav,Neutral
2097.wav,Neutral
2361.wav,Sad
1550.wav,Sad
2371.wav,Sad
685.wav,Disgusted
347.wav,Sad
304.wav,Sad
1290.wav,Disgusted
1838.wav,Neutral
2378.wav,Happy
1314.wav,Fearful
953.wav,Neutral
1606.wav,Angry
1161.wav,Disgusted
1355.wav,Disgusted
1518.wav,Happy
1141.wav,Sad
2303.wav,Disgusted
168.wav,Neutral
975.wav,Disgusted
1562.wav,Disgusted
1939.wav,Neutral
164.wav,Neutral
1830.wav,Fearful
1179.wav,Happy
2492.wav,Sad
1446.wav,Angry
2507.wav,Fearful
2093.wav,Angry
1534.wav,Disgusted
794.wav,Happy
2400.wav,Neutral
1010.wav,Fearful
1920.wav,Happy
2357.wav,Neutral
156.wav,Neutral
1316.wav,Neutral
915.wav,Happy
943.wav,Neutral
1449.wav,Fearful
1447.wav,Angry
713.wav,Happy
2525.wav,Angry
134.wav,Neutral
890.wav,Neutral
1084.wav,Disgusted
1422.wav,Suprised
161.wav,Suprised
2427.wav,Angry
1333.wav,Happy
109.wav,Neutral
1434.wav,Angry
1187.wav,Angry
1467.wav,Neutral
2081.wav,Disgusted
998.wav,Fearful
1170.wav,Neutral
1612.wav,Sad
2397.wav,Happy
1918.wav,Neutral
1619.wav,Sad
1850.wav,Happy
2128.wav,Neutral
1804.wav,Angry
1137.wav,Test
543.wav,Neutral
2472.wav,Neutral
1644.wav,Disgusted
1713.wav,Neutral
1780.wav,Neutral
1897.wav,Disgusted
1427.wav,Sad
2272.wav,Neutral
710.wav,Happy
1976.wav,Disgusted
1065.wav,Angry
1242.wav,Neutral
80.wav,Neutral
2053.wav,Neutral
197.wav,Fearful
231.wav,Neutral
565.wav,Fearful
1787.wav,Fearful
1210.wav,Suprised
1392.wav,Happy
172.wav,Fearful
2307.wav,Sad
1773.wav,Sad
2010.wav,Neutral
637.wav,Angry
249.wav,Neutral
1717.wav,Suprised
588.wav,Neutral
1101.wav,Neutral
1972.wav,Sad
1623.wav,Happy
887.wav,Suprised
2416.wav,Neutral
2527.wav,Happy
557.wav,Angry
1075.wav,Neutral
2473.wav,Fearful
296.wav,Neutral
2147.wav,Neutral
1310.wav,Angry
2152.wav,Disgusted
576.wav,Suprised
983.wav,Suprised
2434.wav,Angry
585.wav,Fearful
1332.wav,Disgusted
2110.wav,Neutral
1750.wav,Neutral
2277.wav,Neutral
1947.wav,Fearful
48.wav,Suprised
512.wav,Disgusted
1591.wav,Neutral
359.wav,Fearful
1973.wav,Angry
1477.wav,Suprised
2509.wav,Neutral
116.wav,Happy
522.wav,Disgusted
626.wav,Neutral
122.wav,Angry
89.wav,Sad
274.wav,Fearful
2494.wav,Fearful
1086.wav,Neutral
670.wav,Neutral
2457.wav,Disgusted
1213.wav,Suprised
1057.wav,Happy
1626.wav,Angry
731.wav,Neutral
2084.wav,Neutral
1980.wav,Neutral
1736.wav,Fearful
294.wav,Happy
1803.wav,Happy
2387.wav,Disgusted
475.wav,Sad
1372.wav,Neutral
566.wav,Neutral
236.wav,Suprised
616.wav,Neutral
1688.wav,Disgusted
1335.wav,Neutral
125.wav,Neutral
946.wav,Neutral
1440.wav,Happy
1638.wav,Neutral
2291.wav,Disgusted
1836.wav,Sad
2165.wav,Neutral
884.wav,Fearful
590.wav,Neutral
1311.wav,Suprised
1306.wav,Fearful
1033.wav,Disgusted
2204.wav,Sad
1746.wav,Happy
1272.wav,Neutral
876.wav,Fearful
127.wav,Test
2295.wav,Sad
1049.wav,Disgusted
613.wav,Disgusted
158.wav,Disgusted
1126.wav,Fearful
319.wav,Suprised
2510.wav,Neutral
1883.wav,Suprised
209.wav,Sad
215.wav,Test
1102.wav,Happy
307.wav,Fearful
819.wav,Happy
284.wav,Neutral
1324.wav,Neutral
1914.wav,Angry
2305.wav,Sad
2058.wav,Test
2419.wav,Angry
165.wav,Neutral
2079.wav,Neutral
105.wav,Neutral
769.wav,Neutral
1055.wav,Fearful
775.wav,Fearful
1784.wav,Disgusted
1696.wav,Neutral
546.wav,Disgusted
2478.wav,Happy
2125.wav,Disgusted
1797.wav,Fearful
698.wav,Neutral
437.wav,Angry
1475.wav,Suprised
1749.wav,Neutral
1041.wav,Sad
2082.wav,Disgusted
1827.wav,Neutral
217.wav,Sad
1487.wav,Suprised
1579.wav,Neutral
1870.wav,Sad
1253.wav,Neutral
351.wav,Angry
186.wav,Sad
2372.wav,Neutral
1654.wav,Happy
806.wav,Happy
706.wav,Neutral
582.wav,Happy
1548.wav,Fearful
1025.wav,Angry
72.wav,Neutral
1564.wav,Happy
1499.wav,Sad
1569.wav,Sad
773.wav,Happy
118.wav,Happy
537.wav,Disgusted
1646.wav,Sad
904.wav,Happy
2182.wav,Neutral
727.wav,Disgusted
529.wav,Neutral
640.wav,Suprised
2389.wav,Happy
70.wav,Angry
1738.wav,Neutral
2106.wav,Happy
754.wav,Happy
2073.wav,Suprised
229.wav,Neutral
343.wav,Happy
491.wav,Neutral
811.wav,Neutral
2285.wav,Fearful
1563.wav,Neutral
1473.wav,Suprised
1134.wav,Angry
1436.wav,Neutral
1544.wav,Angry
874.wav,Happy
1512.wav,Happy
2180.wav,Happy
1114.wav,Neutral
2329.wav,Happy
1031.wav,Suprised
1687.wav,Suprised
1557.wav,Fearful
1002.wav,Disgusted
1108.wav,Neutral
700.wav,Fearful
1592.wav,Neutral
56.wav,Happy
1817.wav,Happy
1545.wav,Fearful
311.wav,Sad
1454.wav,Neutral
2520.wav,Disgusted
1958.wav,Neutral
222.wav,Disgusted
1792.wav,Fearful
2496.wav,Happy
1048.wav,Neutral
1856.wav,Suprised
1480.wav,Happy
183.wav,Test
2087.wav,Neutral
766.wav,Suprised
1666.wav,Angry
560.wav,Test
1013.wav,Fearful
151.wav,Angry
123.wav,Happy
1756.wav,Neutral
110.wav,Fearful
1640.wav,Disgusted
408.wav,Fearful
2215.wav,Neutral
1631.wav,Happy
786.wav,Happy
441.wav,Disgusted
820.wav,Happy
2236.wav,Fearful
108.wav,Fearful
1930.wav,Neutral
2237.wav,Happy
715.wav,Happy
505.wav,Angry
36.wav,Neutral
1298.wav,Angry
1540.wav,Neutral
659.wav,Happy
2034.wav,Happy
1627.wav,Fearful
1643.wav,Sad
615.wav,Fearful
224.wav,Neutral
2113.wav,Happy
431.wav,Neutral
354.wav,Disgusted
1106.wav,Neutral
407.wav,Fearful
313.wav,Angry
688.wav,Sad
2074.wav,Happy
2248.wav,Disgusted
783.wav,Neutral
1186.wav,Sad
2460.wav,Happy
1933.wav,Neutral
1350.wav,Suprised
2135.wav,Happy
1693.wav,Neutral
1313.wav,Neutral
1495.wav,Happy
1388.wav,Happy
1346.wav,Neutral
2300.wav,Neutral
88.wav,Sad
1211.wav,Angry
2495.wav,Angry
846.wav,Neutral
1465.wav,Sad
1082.wav,Happy
1796.wav,Neutral
2069.wav,Neutral
930.wav,Angry
1405.wav,Neutral
1105.wav,Sad
1029.wav,Neutral
1051.wav,Disgusted
2392.wav,Happy
999.wav,Angry
2422.wav,Neutral
692.wav,Angry
133.wav,Happy
148.wav,Angry
1455.wav,Neutral
826.wav,Fearful
301.wav,Happy
849.wav,Neutral
1425.wav,Angry
1201.wav,Sad
52.wav,Angry
290.wav,Disgusted
471.wav,Suprised
2433.wav,Neutral
2506.wav,Neutral
850.wav,Sad
472.wav,Happy
684.wav,Test
1445.wav,Neutral
929.wav,Sad
504.wav,Angry
932.wav,Disgusted
128.wav,Fearful
666.wav,Fearful
1109.wav,Happy
2268.wav,Sad
1868.wav,Disgusted
1501.wav,Neutral
179.wav,Neutral
1990.wav,Neutral
2185.wav,Neutral
1841.wav,Disgusted
1406.wav,Neutral
2365.wav,Neutral
235.wav,Neutral
1811.wav,Sad
75.wav,Sad
1961.wav,Neutral
1249.wav,Neutral
456.wav,Suprised
2550.wav,Disgusted
152.wav,Neutral
1849.wav,Angry
2282.wav,Disgusted
1940.wav,Happy
625.wav,Happy
1577.wav,Happy
1342.wav,Sad
609.wav,Suprised
691.wav,Happy
561.wav,Fearful
931.wav,Suprised
226.wav,Angry
237.wav,Fearful
435.wav,Fearful
2318.wav,Disgusted
150.wav,Fearful
286.wav,Neutral
2363.wav,Neutral
1261.wav,Sad
1479.wav,Happy
1043.wav,Suprised
2381.wav,Neutral
1376.wav,Angry
792.wav,Neutral
751.wav,Disgusted
54.wav,Happy
1269.wav,Sad
2015.wav,Fearful
948.wav,Neutral
777.wav,Sad
2471.wav,Fearful
2391.wav,Neutral
2499.wav,Happy
1731.wav,Happy
804.wav,Disgusted
1810.wav,Disgusted
1853.wav,Sad
686.wav,Sad
1782.wav,Sad
538.wav,Angry
980.wav,Neutral
2450.wav,Neutral
1589.wav,Disgusted
115.wav,Neutral
452.wav,Angry
1266.wav,Angry
244.wav,Disgusted
2200.wav,Neutral
937.wav,Angry
966.wav,Sad
1790.wav,Angry
1882.wav,Neutral
1169.wav,Neutral
1448.wav,Neutral
1664.wav,Disgusted
763.wav,Neutral
1869.wav,Sad
827.wav,Neutral
445.wav,Fearful
20.wav,Angry
1559.wav,Neutral
305.wav,Sad
188.wav,Happy
268.wav,Neutral
1586.wav,Angry
2036.wav,Happy
1602.wav,Neutral
979.wav,Happy
2406.wav,Neutral
2556.wav,Neutral
2114.wav,Neutral
2346.wav,Neutral
397.wav,Sad
799.wav,Sad
1441.wav,Angry
1730.wav,Angry
360.wav,Angry
494.wav,Suprised
1795.wav,Angry
1680.wav,Angry
2319.wav,Neutral
1523.wav,Angry
1701.wav,Angry
1745.wav,Neutral
870.wav,Happy
1613.wav,Happy
295.wav,Happy
433.wav,Happy
1828.wav,Angry
76.wav,Neutral
2516.wav,Happy
611.wav,Sad
2161.wav,Disgusted
772.wav,Disgusted
2276.wav,Disgusted
816.wav,Angry
251.wav,Angry
1704.wav,Angry
1008.wav,Neutral
1934.wav,Disgusted
2515.wav,Fearful
2486.wav,Neutral
703.wav,Suprised
612.wav,Neutral
239.wav,Sad
834.wav,Sad
2169.wav,Sad
1328.wav,Neutral
530.wav,Neutral
814.wav,Happy
2358.wav,Angry
2327.wav,Suprised
181.wav,Disgusted
2353.wav,Sad
41.wav,Sad
2175.wav,Fearful
832.wav,Neutral
245.wav,Fearful
1818.wav,Fearful
2160.wav,Neutral
1753.wav,Neutral
1155.wav,Happy
1735.wav,Happy
1318.wav,Neutral
372.wav,Sad
2341.wav,Neutral
145.wav,Neutral
1996.wav,Disgusted
1740.wav,Suprised
416.wav,Neutral
771.wav,Disgusted
1705.wav,Fearful
413.wav,Neutral
1739.wav,Suprised
1226.wav,Neutral
1572.wav,Suprised
1300.wav,Happy
1831.wav,Sad
838.wav,Neutral
1614.wav,Happy
2552.wav,Suprised
1470.wav,Neutral
177.wav,Happy
2218.wav,Fearful
2512.wav,Happy
831.wav,Neutral
668.wav,Suprised
1116.wav,Angry
842.wav,Fearful
1677.wav,Neutral
1347.wav,Neutral
2297.wav,Disgusted
2313.wav,Angry
35.wav,Neutral
1214.wav,Sad
438.wav,Fearful
509.wav,Disgusted
100.wav,Happy
174.wav,Neutral
119.wav,Neutral
2259.wav,Angry
2210.wav,Neutral
2176.wav,Happy
2201.wav,Angry
1570.wav,Happy
2077.wav,Neutral
1507.wav,Fearful
5.wav,Neutral
1547.wav,Fearful
1090.wav,Neutral
45.wav,Happy
1330.wav,Neutral
1395.wav,Neutral
2483.wav,Neutral
1529.wav,Neutral
1926.wav,Neutral
398.wav,Neutral
12.wav,Neutral
2222.wav,Sad
1060.wav,Fearful
57.wav,Neutral
2184.wav,Fearful
602.wav,Happy
421.wav,Happy
321.wav,Happy
2054.wav,Angry
2264.wav,Fearful
2209.wav,Sad
746.wav,Angry
1675.wav,Disgusted
2090.wav,Disgusted
1809.wav,Suprised
1863.wav,Fearful
1843.wav,Happy
15.wav,Happy
1764.wav,Sad
1087.wav,Sad
395.wav,Happy
241.wav,Fearful
1174.wav,Neutral
1490.wav,Suprised
1077.wav,Angry
1034.wav,Sad
1220.wav,Neutral
1227.wav,Sad
79.wav,Sad
1954.wav,Fearful
2094.wav,Fearful
2086.wav,Neutral
232.wav,Sad
1517.wav,Happy
957.wav,Neutral
1761.wav,Happy
208.wav,Neutral
93.wav,Test
1502.wav,Suprised
1535.wav,Neutral
2325.wav,Sad
1524.wav,Disgusted
797.wav,Angry
1895.wav,Sad
61.wav,Angry
1775.wav,Angry
1456.wav,Fearful
707.wav,Angry
1628.wav,Happy
627.wav,Angry
1183.wav,Disgusted
1148.wav,Neutral
155.wav,Neutral
672.wav,Disgusted
2345.wav,Happy
2366.wav,Suprised
135.wav,Neutral
1862.wav,Angry
1975.wav,Neutral
114.wav,Disgusted
1386.wav,Sad
1159.wav,Happy
951.wav,Fearful
1207.wav,Neutral
112.wav,Neutral
589.wav,Happy
964.wav,Fearful
425.wav,Disgusted
963.wav,Angry
2244.wav,Angry
205.wav,Neutral
1590.wav,Fearful
1886.wav,Happy
2415.wav,Disgusted
28.wav,Happy
1928.wav,Fearful
275.wav,Happy
1030.wav,Neutral
620.wav,Happy
1955.wav,Neutral
2258.wav,Happy
1302.wav,Angry
2316.wav,Angry
2337.wav,Sad
2085.wav,Neutral
2027.wav,Suprised
2275.wav,Fearful
665.wav,Fearful
2234.wav,Sad
2061.wav,Disgusted
1404.wav,Happy
2482.wav,Neutral
1783.wav,Disgusted
1062.wav,Suprised
2142.wav,Neutral
989.wav,Happy
2511.wav,Suprised
749.wav,Angry
457.wav,Angry
451.wav,Neutral
247.wav,Disgusted
39.wav,Neutral
1948.wav,Disgusted
1175.wav,Fearful
2354.wav,Angry
1198.wav,Neutral
1256.wav,Neutral
1305.wav,Neutral
1047.wav,Angry
1593.wav,Neutral
1144.wav,Neutral
1929.wav,Disgusted
322.wav,Angry
2308.wav,Sad
121.wav,Neutral
1558.wav,Happy
362.wav,Neutral
1177.wav,Sad
365.wav,Neutral
2048.wav,Sad
1195.wav,Angry
1711.wav,Sad
113.wav,Neutral
1716.wav,Suprised
2155.wav,Sad
1471.wav,Neutral
2362.wav,Angry
728.wav,Disgusted
2251.wav,Neutral
2253.wav,Angry
732.wav,Happy
851.wav,Sad
17.wav,Neutral
1052.wav,Disgusted
584.wav,Neutral
503.wav,Angry
490.wav,Neutral
2466.wav,Disgusted
958.wav,Disgusted
2463.wav,Sad
2043.wav,Sad
192.wav,Disgusted
403.wav,Angry
1658.wav,Fearful
1164.wav,Angry
878.wav,Angry
839.wav,Neutral
2467.wav,Neutral
77.wav,Neutral
858.wav,Suprised
2076.wav,Neutral
1496.wav,Disgusted
593.wav,Neutral
2491.wav,Neutral
1478.wav,Neutral
2040.wav,Neutral
863.wav,Sad
1829.wav,Happy
2458.wav,Sad
1921.wav,Suprised
271.wav,Disgusted
949.wav,Neutral
1240.wav,Angry
2501.wav,Neutral
219.wav,Sad
1237.wav,Neutral
1509.wav,Neutral
2452.wav,Angry
194.wav,Test
2231.wav,Sad
166.wav,Sad
1772.wav,Angry
1295.wav,Neutral
555.wav,Angry
428.wav,Angry
2474.wav,Fearful
2261.wav,Neutral
2388.wav,Sad
2373.wav,Neutral
1944.wav,Disgusted
556.wav,Happy
278.wav,Angry
11.wav,Angry
1412.wav,Neutral
2348.wav,Disgusted
2065.wav,Neutral
1072.wav,Fearful
865.wav,Disgusted
925.wav,Sad
941.wav,Disgusted
1285.wav,Neutral
1943.wav,Fearful
694.wav,Angry
506.wav,Sad
938.wav,Neutral
1281.wav,Happy
83.wav,Disgusted
2199.wav,Neutral
2212.wav,Sad
1325.wav,Angry
518.wav,Angry
157.wav,Happy
765.wav,Angry
228.wav,Angry
1526.wav,Fearful
867.wav,Happy
1481.wav,Sad
1037.wav,Neutral
1071.wav,Suprised
725.wav,Neutral
1957.wav,Neutral
1152.wav,Happy
1001.wav,Neutral
1583.wav,Neutral
911.wav,Neutral
1793.wav,Suprised
18.wav,Neutral
1741.wav,Disgusted
1872.wav,Sad
2385.wav,Sad
535.wav,Fearful
2314.wav,Angry
53.wav,Fearful
1527.wav,Test
2409.wav,Fearful
283.wav,Neutral
2428.wav,Happy
1935.wav,Happy
2017.wav,Neutral
338.wav,Sad
2529.wav,Fearful
280.wav,Test
1697.wav,Happy
917.wav,Disgusted
2068.wav,Neutral
499.wav,Angry
2286.wav,Fearful
2208.wav,Neutral
1464.wav,Neutral
1988.wav,Happy
1910.wav,Neutral
1945.wav,Disgusted
2376.wav,Fearful
1277.wav,Sad
1952.wav,Angry
1622.wav,Neutral
59.wav,Neutral
2064.wav,Fearful
2143.wav,Neutral
1026.wav,Sad
189.wav,Sad
2448.wav,Neutral
2549.wav,Suprised
2191.wav,Sad
708.wav,Sad
1413.wav,Test
619.wav,Neutral
234.wav,Neutral
1714.wav,Happy
1218.wav,Neutral
1420.wav,Disgusted
1359.wav,Angry
8.wav,Neutral
1006.wav,Disgusted
422.wav,Neutral
2021.wav,Disgusted
2364.wav,Neutral
1153.wav,Happy
1576.wav,Disgusted
1329.wav,Fearful
1911.wav,Sad
1546.wav,Neutral
828.wav,Happy
1451.wav,Sad
1380.wav,Angry
1887.wav,Disgusted
2356.wav,Happy
981.wav,Neutral
1415.wav,Happy
325.wav,Fearful
2009.wav,Disgusted
1121.wav,Fearful
1594.wav,Neutral
1178.wav,Neutral
739.wav,Neutral
1848.wav,Neutral
1381.wav,Angry
2005.wav,Disgusted
1070.wav,Fearful
733.wav,Neutral
866.wav,Sad
2013.wav,Disgusted
1678.wav,Happy
2171.wav,Disgusted
1915.wav,Disgusted
1191.wav,Angry
548.wav,Neutral
952.wav,Neutral
536.wav,Angry
1900.wav,Sad
2126.wav,Happy
1618.wav,Neutral
1588.wav,Disgusted
2103.wav,Neutral
102.wav,Suprised
357.wav,Sad
25.wav,Angry
292.wav,Fearful
1351.wav,Angry
2328.wav,Neutral
2080.wav,Sad
643.wav,Fearful
1715.wav,Sad
1444.wav,Neutral
384.wav,Angry
312.wav,Fearful
1549.wav,Happy
993.wav,Sad
759.wav,Neutral
1659.wav,Fearful
756.wav,Happy
2453.wav,Suprised
136.wav,Neutral
848.wav,Happy
2370.wav,Neutral
1902.wav,Neutral
2262.wav,Neutral
256.wav,Neutral
2528.wav,Angry
1438.wav,Angry
2462.wav,Suprised
126.wav,Happy
2423.wav,Disgusted
1083.wav,Fearful
1354.wav,Angry
1877.wav,Neutral
1893.wav,Neutral
654.wav,Angry
1429.wav,Disgusted
2202.wav,Fearful
1166.wav,Neutral
2105.wav,Disgusted
2304.wav,Neutral
410.wav,Sad
2535.wav,Happy
1901.wav,Angry
1115.wav,Angry
1337.wav,Happy
1136.wav,Neutral
418.wav,Sad
2355.wav,Happy
2116.wav,Fearful
2246.wav,Neutral
202.wav,Fearful
430.wav,Disgusted
1744.wav,Fearful
2498.wav,Neutral
1393.wav,Angry
950.wav,Angry
514.wav,Disgusted
1063.wav,Happy
1983.wav,Disgusted
1642.wav,Fearful
2367.wav,Angry
2513.wav,Angry
729.wav,Disgusted
1581.wav,Neutral
162.wav,Neutral
807.wav,Suprised
812.wav,Neutral
1246.wav,Neutral
2052.wav,Neutral
927.wav,Neutral
1364.wav,Neutral
2405.wav,Disgusted
1158.wav,Disgusted
2414.wav,Neutral
411.wav,Neutral
1117.wav,Neutral
82.wav,Suprised
2301.wav,Sad
302.wav,Fearful
277.wav,Angry
204.wav,Disgusted
306.wav,Neutral
1709.wav,Fearful
1806.wav,Neutral
734.wav,Fearful
1888.wav,Angry
2514.wav,Happy
879.wav,Neutral
1573.wav,Sad
891.wav,Angry
2046.wav,Angry
1656.wav,Neutral
760.wav,Sad
459.wav,Sad
2138.wav,Suprised
1022.wav,Neutral
1215.wav,Fearful
2168.wav,Angry
9.wav,Neutral
1913.wav,Angry
2050.wav,Neutral
149.wav,Fearful
439.wav,Neutral
2095.wav,Neutral
1878.wav,Happy
1898.wav,Happy
940.wav,Neutral
1389.wav,Fearful
2214.wav,Fearful
1539.wav,Neutral
705.wav,Sad
524.wav,Disgusted
1284.wav,Suprised
592.wav,Test
785.wav,Disgusted
270.wav,Neutral
3.wav,Angry
483.wav,Happy
1758.wav,Neutral
1690.wav,Sad
1259.wav,Angry
2536.wav,Sad
502.wav,Neutral
1859.wav,Neutral
2221.wav,Angry
253.wav,Disgusted
2188.wav,Neutral
207.wav,Angry
1927.wav,Sad
355.wav,Angry
1720.wav,Angry
2141.wav,Neutral
676.wav,Happy
815.wav,Disgusted
342.wav,Neutral
1426.wav,Fearful
1665.wav,Fearful
94.wav,Angry
393.wav,Happy
532.wav,Happy
875.wav,Happy
141.wav,Disgusted
987.wav,Disgusted
790.wav,Happy
1301.wav,Fearful
1263.wav,Disgusted
1241.wav,Sad
517.wav,Disgusted
1118.wav,Fearful
2436.wav,Happy
465.wav,Sad
793.wav,Fearful
196.wav,Sad
154.wav,Neutral
1312.wav,Disgusted
976.wav,Neutral
2477.wav,Happy
2004.wav,Disgusted
2320.wav,Happy
1699.wav,Disgusted
1706.wav,Neutral
1770.wav,Happy
2057.wav,Disgusted
1729.wav,Sad
2224.wav,Neutral
1248.wav,Sad
263.wav,Neutral
2279.wav,Disgusted
1743.wav,Fearful
1317.wav,Disgusted
1181.wav,Sad
2150.wav,Neutral
423.wav,Angry
782.wav,Suprised
1993.wav,Angry
597.wav,Happy
446.wav,Disgusted
1135.wav,Sad
1541.wav,Angry
2078.wav,Suprised
1344.wav,Happy
1968.wav,Angry
757.wav,Neutral
2217.wav,Neutral
1584.wav,Angry
2444.wav,Angry
808.wav,Neutral
2000.wav,Angry
2060.wav,Sad
2063.wav,Happy
2014.wav,Neutral
695.wav,Suprised
1250.wav,Angry
572.wav,Angry
1686.wav,Neutral
2026.wav,Fearful
973.wav,Fearful
638.wav,Test
1074.wav,Neutral
73.wav,Happy
117.wav,Happy
539.wav,Sad
702.wav,Disgusted
259.wav,Disgusted
743.wav,Fearful
1319.wav,Disgusted
892.wav,Sad
1172.wav,Angry
2374.wav,Neutral
601.wav,Suprised
2153.wav,Neutral
1009.wav,Disgusted
1130.wav,Neutral
1391.wav,Happy
1203.wav,Angry
801.wav,Fearful
2229.wav,Fearful
558.wav,Sad
2521.wav,Suprised
463.wav,Suprised
84.wav,Angry
2326.wav,Angry
453.wav,Neutral
1884.wav,Fearful
1278.wav,Angry
2437.wav,Angry
629.wav,Fearful
394.wav,Disgusted
2012.wav,Fearful
1111.wav,Neutral
13.wav,Neutral
1371.wav,Disgusted
1469.wav,Happy
1017.wav,Fearful
106.wav,Fearful
1747.wav,Disgusted
1516.wav,Fearful
1066.wav,Angry
642.wav,Neutral
909.wav,Sad
1778.wav,Sad
2163.wav,Angry
1184.wav,Sad
87.wav,Happy
1264.wav,Sad
349.wav,Sad
633.wav,Disgusted
1860.wav,Neutral
2401.wav,Sad
1522.wav,Happy
663.wav,Disgusted
460.wav,Neutral
1028.wav,Test
1432.wav,Neutral
1107.wav,Neutral
2377.wav,Neutral
682.wav,Happy
1610.wav,Suprised
847.wav,Neutral
1964.wav,Sad
1431.wav,Happy
364.wav,Suprised
2238.wav,Happy
2469.wav,Happy
293.wav,Happy
1119.wav,Sad
540.wav,Neutral
185.wav,Angry
800.wav,Sad
2455.wav,Angry
893.wav,Happy
352.wav,Neutral
1497.wav,Test
2196.wav,Neutral
91.wav,Happy
90.wav,Neutral
350.wav,Fearful
552.wav,Sad
2418.wav,Disgusted
469.wav,Sad
1995.wav,Sad
1056.wav,Happy
956.wav,Happy
2547.wav,Suprised
526.wav,Disgusted
2132.wav,Sad
1054.wav,Neutral
1700.wav,Happy
258.wav,Angry
519.wav,Sad
764.wav,Fearful
1800.wav,Sad
605.wav,Sad
709.wav,Happy
1708.wav,Happy
1820.wav,Angry
492.wav,Fearful
2195.wav,Angry
550.wav,Sad
1779.wav,Happy
1600.wav,Suprised
2041.wav,Neutral
1414.wav,Fearful
2266.wav,Fearful
225.wav,Sad
1762.wav,Sad
1925.wav,Angry
1331.wav,Sad
1647.wav,Happy
854.wav,Angry
493.wav,Happy
2186.wav,Neutral
1362.wav,Sad
1538.wav,Angry
2099.wav,Sad
1707.wav,Suprised
440.wav,Happy
1113.wav,Disgusted
1100.wav,Neutral
2002.wav,Sad
624.wav,Angry
2047.wav,Happy
1133.wav,Happy
1723.wav,Angry
1611.wav,Disgusted
1531.wav,Sad
1999.wav,Fearful
2219.wav,Happy
42.wav,Sad
206.wav,Angry
1755.wav,Angry
1435.wav,Disgusted
821.wav,Disgusted
2375.wav,Neutral
1798.wav,Angry
279.wav,Sad
1326.wav,Angry
2172.wav,Happy
1168.wav,Neutral
1322.wav,Fearful
862.wav,Sad
513.wav,Disgusted
857.wav,Neutral
400.wav,Neutral
324.wav,Neutral
1149.wav,Disgusted
600.wav,Neutral
1403.wav,Fearful
1537.wav,Sad
2187.wav,Neutral
1244.wav,Disgusted
2338.wav,Angry
1058.wav,Suprised
193.wav,Neutral
2091.wav,Fearful
2131.wav,Fearful
1657.wav,Happy
1851.wav,Angry
1474.wav,Angry
1710.wav,Suprised
652.wav,Disgusted
2263.wav,Happy
1120.wav,Fearful
1366.wav,Angry
897.wav,Neutral
2352.wav,Angry
991.wav,Disgusted
898.wav,Disgusted
770.wav,Angry
198.wav,Happy
2411.wav,Fearful
282.wav,Sad
1985.wav,Suprised
442.wav,Sad
1221.wav,Happy
2117.wav,Fearful
1482.wav,Neutral
1000.wav,Happy
1905.wav,Angry
1982.wav,Fearful
1275.wav,Happy
655.wav,Neutral
180.wav,Angry
1732.wav,Sad
1639.wav,Neutral
1394.wav,Fearful
2540.wav,Neutral
2241.wav,Neutral
2092.wav,Disgusted
747.wav,Fearful
1208.wav,Happy
2170.wav,Fearful
1965.wav,Angry
1053.wav,Neutral
98.wav,Neutral
369.wav,Angry
1553.wav,Neutral
607.wav,Sad
1894.wav,Happy
261.wav,Neutral
2296.wav,Fearful
353.wav,Sad
2398.wav,Disgusted
2083.wav,Angry
2344.wav,Happy
1067.wav,Disgusted
712.wav,Disgusted
2380.wav,Happy
474.wav,Fearful
583.wav,Angry
545.wav,Angry
1566.wav,Neutral
2.wav,Angry
636.wav,Angry
830.wav,Suprised
1844.wav,Neutral
248.wav,Happy
2384.wav,Disgusted
448.wav,Disgusted
924.wav,Suprised
2037.wav,Fearful
2192.wav,Disgusted
1671.wav,Suprised
2257.wav,Sad
2179.wav,Angry
227.wav,Neutral
1641.wav,Disgusted
1521.wav,Angry
1981.wav,Neutral
481.wav,Disgusted
2541.wav,Disgusted
19.wav,Suprised
889.wav,Happy
58.wav,Neutral
1216.wav,Neutral
1695.wav,Angry
1020.wav,Sad
2490.wav,Neutral
2451.wav,Neutral
970.wav,Fearful
1949.wav,Angry
341.wav,Neutral
1076.wav,Sad
1336.wav,Angry
381.wav,Angry
657.wav,Happy
2157.wav,Happy
1506.wav,Fearful
2359.wav,Neutral
1061.wav,Neutral
1369.wav,Happy
1085.wav,Test
288.wav,Neutral
598.wav,Neutral
1840.wav,Disgusted
895.wav,Neutral
2459.wav,Angry
1212.wav,Disgusted
2534.wav,Disgusted
1409.wav,Neutral
2480.wav,Fearful
1258.wav,Neutral
984.wav,Sad
1286.wav,Sad
176.wav,Neutral
900.wav,Happy
1131.wav,Angry
1847.wav,Neutral
484.wav,Fearful
1875.wav,Disgusted
1365.wav,Sad
171.wav,Sad
2347.wav,Fearful
1419.wav,Disgusted
1977.wav,Neutral
1224.wav,Happy
1662.wav,Fearful
2321.wav,Neutral
212.wav,Disgusted
1969.wav,Neutral
1503.wav,Neutral
429.wav,Sad
390.wav,Angry
427.wav,Neutral
1667.wav,Disgusted
1616.wav,Test
344.wav,Sad
1202.wav,Neutral
1015.wav,Suprised
1192.wav,Happy
1689.wav,Neutral
2522.wav,Sad
200.wav,Happy
720.wav,Sad
374.wav,Neutral
44.wav,Sad
2162.wav,Angry
1400.wav,Angry
1004.wav,Sad
1786.wav,Fearful
1459.wav,Angry
97.wav,Neutral
242.wav,Angry
717.wav,Angry
371.wav,Happy
1649.wav,Neutral
2293.wav,Suprised
71.wav,Neutral
1991.wav,Neutral
1629.wav,Happy
1185.wav,Angry
2055.wav,Disgusted
1891.wav,Happy
2508.wav,Happy
510.wav,Neutral
837.wav,Disgusted
2544.wav,Sad
1890.wav,Disgusted
791.wav,Neutral
1826.wav,Angry
1457.wav,Sad
1889.wav,Disgusted
1967.wav,Happy
387.wav,Angry
901.wav,Fearful
1703.wav,Happy
864.wav,Sad
415.wav,Happy
461.wav,Fearful
859.wav,Sad
1842.wav,Happy
594.wav,Sad
2299.wav,Suprised
2505.wav,Angry
2294.wav,Fearful
882.wav,Angry
2553.wav,Happy
871.wav,Sad
1384.wav,Fearful
1268.wav,Fearful
95.wav,Happy
1274.wav,Sad
2488.wav,Sad
789.wav,Suprised
606.wav,Neutral
1648.wav,Neutral
776.wav,Sad
667.wav,Happy
1962.wav,Fearful
723.wav,Neutral
385.wav,Sad
1462.wav,Happy
581.wav,Happy
480.wav,Angry
2133.wav,Sad
1653.wav,Suprised
1942.wav,Suprised
1257.wav,Angry
608.wav,Fearful
559.wav,Angry
309.wav,Neutral
722.wav,Happy
2493.wav,Angry
2442.wav,Fearful
2461.wav,Suprised
681.wav,Happy
944.wav,Sad
1163.wav,Suprised
683.wav,Sad
912.wav,Happy
2311.wav,Neutral
736.wav,Neutral
779.wav,Angry
914.wav,Neutral
1323.wav,Sad
2287.wav,Neutral
233.wav,Disgusted
2394.wav,Neutral
195.wav,Disgusted
1219.wav,Disgusted
2044.wav,Neutral
1986.wav,Neutral
34.wav,Disgusted
1822.wav,Disgusted
2410.wav,Happy
1865.wav,Neutral
962.wav,Angry
2502.wav,Fearful
337.wav,Happy
896.wav,Neutral
2119.wav,Neutral
660.wav,Neutral
947.wav,Fearful
370.wav,Disgusted
214.wav,Suprised
1904.wav,Neutral
335.wav,Neutral
2130.wav,Neutral
1635.wav,Neutral
498.wav,Sad
2440.wav,Fearful
1650.wav,Neutral
813.wav,Neutral
671.wav,Angry
787.wav,Angry
464.wav,Disgusted
489.wav,Suprised
1636.wav,Fearful
1128.wav,Disgusted
1230.wav,Neutral
2555.wav,Fearful
326.wav,Happy
534.wav,Suprised
649.wav,Suprised
2252.wav,Disgusted
2056.wav,Suprised
1767.wav,Neutral
1458.wav,Neutral
1007.wav,Fearful
238.wav,Neutral
211.wav,Happy
795.wav,Fearful
476.wav,Disgusted
14.wav,Disgusted
291.wav,Happy
1304.wav,Happy
2530.wav,Angry
1571.wav,Neutral
266.wav,Happy
487.wav,Disgusted
856.wav,Disgusted
43.wav,Neutral
868.wav,Disgusted
2449.wav,Disgusted
1217.wav,Happy
2207.wav,Neutral
824.wav,Neutral
2072.wav,Sad
2532.wav,Sad
621.wav,Disgusted
388.wav,Neutral
2302.wav,Neutral
1437.wav,Suprised
2256.wav,Neutral
997.wav,Sad
1769.wav,Happy
470.wav,Sad
1110.wav,Suprised
2240.wav,Neutral
1791.wav,Sad
735.wav,Neutral
888.wav,Neutral
1936.wav,Sad
908.wav,Happy
1607.wav,Neutral
1160.wav,Sad
1950.wav,Happy
1280.wav,Angry
1349.wav,Neutral
2503.wav,Happy
1352.wav,Neutral
1385.wav,Neutral
1625.wav,Angry
1726.wav,Neutral
339.wav,Sad
562.wav,Neutral
49.wav,Fearful
1719.wav,Suprised
62.wav,Sad
1247.wav,Sad
644.wav,Disgusted
1681.wav,Suprised
1382.wav,Neutral
650.wav,Sad
1418.wav,Angry
1027.wav,Suprised
